{
    "video-0ZF35dPoBeE.txt": [
        [
            1,
            0.9989647269248962
        ]
    ],
    "redditPost26.txt": [
        [
            0,
            0.02096175029873848
        ],
        [
            1,
            0.960452675819397
        ],
        [
            2,
            0.018585531041026115
        ]
    ],
    "redditPost27.txt": [
        [
            0,
            0.0126342186704278
        ],
        [
            1,
            0.8323156237602234
        ],
        [
            2,
            0.1550501137971878
        ]
    ],
    "redditPost33.txt": [
        [
            1,
            0.986385703086853
        ]
    ],
    "NPRArticle.txt": [
        [
            0,
            0.6721392869949341
        ],
        [
            1,
            0.1981590986251831
        ],
        [
            2,
            0.12970158457756042
        ]
    ],
    "redditPost25.txt": [
        [
            1,
            0.9907061457633972
        ]
    ],
    "redditPost31.txt": [
        [
            1,
            0.9903482794761658
        ]
    ],
    "redditPost19.txt": [
        [
            0,
            0.011108404956758022
        ],
        [
            1,
            0.9872679114341736
        ]
    ],
    "redditPost30.txt": [
        [
            0,
            0.9742536544799805
        ],
        [
            1,
            0.013712401501834393
        ],
        [
            2,
            0.012033951468765736
        ]
    ],
    "redditPost24.txt": [
        [
            1,
            0.9996384978294373
        ]
    ],
    "redditPost20.txt": [
        [
            1,
            0.9824207425117493
        ]
    ],
    "redditPost34.txt": [
        [
            0,
            0.013135211542248726
        ],
        [
            1,
            0.973135232925415
        ],
        [
            2,
            0.013729606755077839
        ]
    ],
    "redditPost35.txt": [
        [
            1,
            0.9997169375419617
        ]
    ],
    "redditPost21.txt": [
        [
            1,
            0.4846574068069458
        ],
        [
            2,
            0.5138362646102905
        ]
    ],
    "redditPost37.txt": [
        [
            0,
            0.10545162111520767
        ],
        [
            1,
            0.670271098613739
        ],
        [
            2,
            0.2242773026227951
        ]
    ],
    "redditPost23.txt": [
        [
            0,
            0.4790797829627991
        ],
        [
            1,
            0.5193411111831665
        ]
    ],
    "redditPost22.txt": [
        [
            0,
            0.16138924658298492
        ],
        [
            1,
            0.8307279944419861
        ]
    ],
    "redditPost36.txt": [
        [
            0,
            0.5159872174263
        ],
        [
            1,
            0.43635293841362
        ],
        [
            2,
            0.047659847885370255
        ]
    ],
    "redditPost51.txt": [
        [
            1,
            0.9977148175239563
        ]
    ],
    "redditPost45.txt": [
        [
            1,
            0.9798491597175598
        ],
        [
            2,
            0.010312044993042946
        ]
    ],
    "redditPost44.txt": [
        [
            2,
            0.9992859363555908
        ]
    ],
    "redditPost50.txt": [
        [
            1,
            0.9988799691200256
        ]
    ],
    "redditPost46.txt": [
        [
            2,
            0.997614860534668
        ]
    ],
    "redditPost52.txt": [
        [
            0,
            0.015571581199765205
        ],
        [
            1,
            0.9643388390541077
        ],
        [
            2,
            0.020089618861675262
        ]
    ],
    "redditPost53.txt": [
        [
            2,
            0.9973030686378479
        ]
    ],
    "redditPost47.txt": [
        [
            1,
            0.3034077286720276
        ],
        [
            2,
            0.6934783458709717
        ]
    ],
    "redditPost9.txt": [
        [
            1,
            0.9988796710968018
        ]
    ],
    "video-ok-aNnc0Dko.txt": [
        [
            1,
            0.6271575093269348
        ],
        [
            2,
            0.37255099415779114
        ]
    ],
    "Mixmag.txt": [
        [
            1,
            0.466731995344162
        ],
        [
            2,
            0.5313389301300049
        ]
    ],
    "redditPost43.txt": [
        [
            1,
            0.8512736558914185
        ],
        [
            2,
            0.1482827514410019
        ]
    ],
    "redditPost57.txt": [
        [
            1,
            0.9942387342453003
        ]
    ],
    "redditPost56.txt": [
        [
            1,
            0.43549153208732605
        ],
        [
            2,
            0.5600845217704773
        ]
    ],
    "redditPost42.txt": [
        [
            2,
            0.9991183876991272
        ]
    ],
    "redditPost8.txt": [
        [
            1,
            0.9987339973449707
        ]
    ],
    "redditPost68.txt": [
        [
            0,
            0.018277376890182495
        ],
        [
            1,
            0.9617594480514526
        ],
        [
            2,
            0.01996319368481636
        ]
    ],
    "redditPost40.txt": [
        [
            1,
            0.9990151524543762
        ]
    ],
    "redditPost41.txt": [
        [
            2,
            0.9993667602539062
        ]
    ],
    "redditPost55.txt": [
        [
            1,
            0.997359037399292
        ]
    ],
    "redditPost69.txt": [
        [
            1,
            0.994086742401123
        ]
    ],
    "redditPost6.txt": [
        [
            0,
            0.9981474280357361
        ]
    ],
    "redditPost64.txt": [
        [
            1,
            0.9944177269935608
        ]
    ],
    "redditPost58.txt": [
        [
            1,
            0.9749578833580017
        ],
        [
            2,
            0.023665668442845345
        ]
    ],
    "GuardianArticle.txt": [
        [
            1,
            0.4266497790813446
        ],
        [
            2,
            0.5724033713340759
        ]
    ],
    "TechRadar.txt": [
        [
            1,
            0.5170930624008179
        ],
        [
            2,
            0.48194074630737305
        ]
    ],
    "redditPost59.txt": [
        [
            1,
            0.9936155676841736
        ]
    ],
    "redditPost65.txt": [
        [
            1,
            0.9851313233375549
        ]
    ],
    "redditPost7.txt": [
        [
            1,
            0.9972860813140869
        ]
    ],
    "redditPost5.txt": [
        [
            0,
            0.8864648938179016
        ],
        [
            1,
            0.1130228266119957
        ]
    ],
    "redditPost66.txt": [
        [
            0,
            0.19121266901493073
        ],
        [
            1,
            0.8042239546775818
        ]
    ],
    "video-grUJ97ajA4Y.txt": [
        [
            1,
            0.6587002873420715
        ],
        [
            2,
            0.33909401297569275
        ]
    ],
    "redditPost4.txt": [
        [
            1,
            0.9994972348213196
        ]
    ],
    "redditPost0.txt": [
        [
            0,
            0.28364360332489014
        ],
        [
            1,
            0.7157835960388184
        ]
    ],
    "redditPost62.txt": [
        [
            1,
            0.9849985241889954
        ]
    ],
    "redditPost63.txt": [
        [
            1,
            0.9994461536407471
        ]
    ],
    "redditPost1.txt": [
        [
            0,
            0.8461917042732239
        ],
        [
            1,
            0.15173277258872986
        ]
    ],
    "redditPost3.txt": [
        [
            1,
            0.9998248815536499
        ]
    ],